,venue,latitude,longitude,price_for_two,price_range,rating,address
0,KFC,17.481579,78.555268,450.0,1.0,4.1,"A 13, G1, PNR SSV Complex, Kapra Muncipality, A S Rao Nagar, Secunderabad"
1,Parivaar,17.477038,78.563681,1000.0,3.0,4.0,"Plot 239, ECIL, Secunderabad"
2,Kinara Grand,17.482196,78.553377,700.0,2.0,3.6,"Opposite ICICI Bank, A S Rao Nagar, Secunderabad"
3,McDonald's,17.476993,78.564792,500.0,2.0,4.0,"456/1p, HPCL Outlet, A S Rao Nagar, Secunderabad"
4,Lassi Shop,17.409005,78.46052,200.0,1.0,3.5,"6S 2S, 146/A/4, Opposite Shadan College, Chintal Basti Bus Stop, Khairatabad, Hyderabad"
5,Jewel of Nizam - The Golkonda Hotel,17.404361,78.454107,2200.0,4.0,4.3,"The Golkonda Hotel, 10-1-124, Banjara Hills, Masab Tank, Hyderabad"
6,Good Cow Cafe,17.431836,78.408325,900.0,2.0,4.1,"Plot 479/B, Road 21, Near Rayalaseema Ruchulu, Jubilee Hills, Hyderabad"
7,Shahi Dastarkhwan,17.402515,78.461426,800.0,2.0,4.2,"Mustafa Apartment, Opposite Jamuna Ganga Hotel, Lakdikapul, Hyderabad"
8,Dwaraka Tiffins,17.405375,78.463669,300.0,1.0,3.4,"Hotel Rukmini Riviera, Opposite Gobal Hospital, Lakdikapul, Hyderabad"
9,Dine Hill,17.405309,78.451687,600.0,2.0,4.0,"One Downing Street, Masab Tank, Hyderabad"
10,Paradise Biryani,17.403812,78.453018,700.0,2.0,4.0,"Cross Road, Masab Tank, Hyderabad"
11,Kamat Hotel,17.404293,78.46739,450.0,1.0,3.8,"6-1-60/1, Secretariat Road, Near RBI, Saifabad, Lakdikapul, Hyderabad"
12,Taiba Bakery & Cafe,17.402575,78.456856,400.0,1.0,4.0,"289/24, Shanti Nagar Colony, Masab Tank, Hyderabad"
13,Hotel Sandarshini,17.405295,78.451698,700.0,2.0,4.1,"10-5-2/B, Masab Tank, Hyderabad"
14,Moonlight Bar - Best Western Ashoka,17.403953,78.46552,950.0,2.0,3.2,"6-1-70, Best Western Ashoka, Lakdikapul, Hyderabad"
15,Mughal Restaurant,17.40638,78.464175,500.0,2.0,3.7,"6-1-1059/1/5-9, Habeeb Mansion, Opposite Vasavi Hospital, Lakdikapul, Hyderabad"
16,Poorna Hotel,17.406073,78.465469,150.0,1.0,4.1,"Opposite Telephone Exchange, Saifabad, Lakdikapul, Hyderabad"
17,Poorna Hotel,17.406073,78.465469,150.0,1.0,4.1,"Opposite Telephone Exchange, Saifabad, Lakdikapul, Hyderabad"
18,Dine Hill,17.405309,78.451687,600.0,2.0,4.0,"One Downing Street, Masab Tank, Hyderabad"
19,Three Cheers Restaurant,17.40698,78.468166,600.0,2.0,3.8,"Shop 17 & 18, Taramandal Complex, Behind Raymond Showroom, Saifabad, Lakdikapul, Hyderabad"
20,Pragati Tiffin Center,17.38813,78.48127,150.0,1.0,4.3,"H V S Road, Hanuman Tekdi, Near Pargati College, Koti, Hyderabad"
21,Santosh Dhaba Exclusive,17.388353,78.479571,500.0,2.0,4.2,"8-2-629/1/2, Hanuman Tekdi, Near Hotel Jaya International Lane, Abids, Hyderabad"
22,Season The Restaurant,17.388091,78.477744,200.0,1.0,0,"Hotel Mandakini, Jaya International, Hanuman Tekdi, Abids, Hyderabad"
23,Sagar Papaji Ka Dhaba,17.388343,78.479209,800.0,2.0,4.1,"Plot 4-1-365/F/1, Reddy Hostel Road, Hanuman Tekdi, Abids, Hyderabad"
24,KFC,17.394995,78.475845,450.0,1.0,4.0,"Gun Foundry, Opposite SBI, Abids, Hyderabad"
25,M S Tiffin & Chat,17.394213,78.476667,100.0,1.0,3.6,"Behind Mayur Kushal Complex, Abids, Hyderabad"
26,Shawarama Time,17.392527,78.477454,200.0,1.0,0,"Atria Mall, Beside Taj Mahal Hotel, Abids, Hyderabad"
27,Surabhi Grand,17.404954,78.515177,800.0,2.0,3.7,"2/2-3, 4th Floor, Sresthta Origin, Shivam Junction, Amberpet, Hyderabad"
28,Alhamdulillah Hotel,17.39072,78.462955,450.0,1.0,4.1,"Door 11-2-284, Habeeb Nagar Road, Aghapura, Nampally, Hyderabad"
29,Celeste - Taj Falaknuma Palace,17.334313,78.467524,7000.0,4.0,4.3,"Taj Falaknuma Palace, Falaknuma, Hyderabad"
30,Al Hashmi Arabian Shawarma & Fast Food,17.347491,78.470497,300.0,1.0,3.4,"Shop 23-5-67, Masjid-E-Kambal Posh, Near Home Land, Syed Ali Chauthra, Charminar, Hyderabad"
31,Govind Dosa,17.364172,78.473804,300.0,1.0,4.1,"Gulzar Hauz, Charminar, Hyderabad"
32,Pista House,17.356443,78.473413,500.0,2.0,4.1,"Shop 20, 4-140, Shalibanda Road, Charminar, Hyderabad"
33,Sherton Bakery,17.391379,78.512213,250.0,1.0,3.6,"Opposite Maharana Pratap Function Hall, Road 6, Amberpet, Hyderabad"
34,Sri Raghavendra Tiffin's,17.399112,78.512221,200.0,1.0,3.6,"Prashanti Nagar, APHB Colony, Amberpet, Hyderabad"
35,Balaji Santosh Family Dhaba,17.39245,78.510702,600.0,2.0,3.8,"Plot 6, Shivam Road, Tilak Nagar, Amberpet, Hyderabad"
36,Papaji-Da-Dhaba,17.397575,78.512088,500.0,2.0,3.9,"Ground Floor, Shivananda Living, Shivam Road, Nallakunta, Hyderabad"
37,Mekong - Marigold Hotel,17.436455,78.454267,3000.0,4.0,4.6,"Green Lands, Begumpet, Hyderabad"
38,Blue Fox,17.437458,78.445975,1000.0,3.0,3.6,"Plot No 3, Regency Plaza, Behind HUDA Mythrivanam, Ameerpet, Hyderabad, Telangana 500016"
39,Kritunga Restaurant,17.438073,78.442817,700.0,2.0,3.8,"8-3-214/2/41, Opposite Maitrivanam, West Srinivas Colony, Ameerpet, Hyderabad"
40,Chop Sticks,17.429886,78.445549,300.0,1.0,4.0,"8-3-960/9, Srinagar Colony, Hyderabad"
41,Minerva Coffee Shop,17.437189,78.445926,800.0,2.0,3.1,"1st Floor,beside Prime Hospital,Near Mythri Vihar, Road 3, Ameerpet, Hyderabad"
42,Santosh Dhaba,17.439484,78.448229,450.0,1.0,3.9,"7-1-404/1, Satyam Theatre Road, Sanabai Temple, Ameerpet, Hyderabad"
43,Good Cow Cafe,17.431836,78.408325,900.0,2.0,4.1,"Plot 479/B, Road 21, Near Rayalaseema Ruchulu, Jubilee Hills, Hyderabad"
44,New Sher-e-Punjab Dhaba,17.438522,78.452065,600.0,2.0,3.7,"Opposite Kanya Gurukul High School, Dharam Karam Road, Ameerpet, Hyderabad"
45,Salasar Santosh Dhaba,17.443905,78.448789,550.0,2.0,3.5,"7-1-215/6 to 9, Yellamma Temple Road, Balkampet, S R Nagar, Hyderabad"
46,0.0,0.0,0.0,0.0,0.0,0.0,
47,Haveli,17.436291,78.457295,800.0,2.0,2.7,"1st Floor, My Home Tycoon Building, Kundanbagh, Begumpet, Hyderabad"
48,Sitara Grand,17.431224,78.447985,800.0,2.0,2.4,"8-3-945/1, Vishnu Classic, Ameerpet, Hyderabad"
49,Kuchipudi - Katriya Hotels,17.424846,78.459518,1000.0,3.0,2.6,"Katriya Hotels, 8, Raj Bhavan Road, Somajiguda, Hyderabad"
50,FNP Cakes N More,17.435481,78.454921,500.0,2.0,2.8,"7/1/25/1, Ground Floor, Greenland Road, Opposite Canara Bank, Ameerpet, Hyderabad"
51,Akshara Restaurant,17.439945,78.44226,800.0,2.0,3.1,"1st Floor, SR Nagar Main Road, Opposite ICICI Bank, SR Nagar, Hyderabad"
52,KFC,17.40149,78.485785,450.0,1.0,4.1,"Shop 002, 3-6-196/197, Prime Plaza, Himayath Nagar, Hyderabad"
53,Chinese Fast Food,17.406472,78.497762,200.0,1.0,2.9,"RTC Cross Roads, Opposite Bawarchi, Nallakunta, Hyderabad"
54,Blue Fox,17.401313,78.485752,1200.0,3.0,3.9,"3-6-199/1, Himayath Nagar, Hyderabad"
55,Gelatissimo,17.402022,78.484032,350.0,1.0,4.1,"G.S Towers, AP State Housing Board, Himayath Nagar, Hyderabad"
56,Minerva Coffee Shop,17.401198,78.485693,800.0,2.0,4.2,"3-6-199/1, Ground Floor, Himayath Nagar, Hyderabad"
57,The Budapest Bakehouse,17.403988,78.481987,500.0,2.0,4.2,"Shop 1/A, 3-6-431, Jamuna Plaza, Liberty Road, Himayath Nagar, Hyderabad"
58,The Vintage Restaurant & Bar,17.406439,78.496086,700.0,2.0,3.7,"1-1-111 & 112, RTC X Roads, Chikadpally, Nallakunta, Hyderabad"
59,KFC,17.40149,78.485785,450.0,1.0,4.1,"Shop 002, 3-6-196/197, Prime Plaza, Himayath Nagar, Hyderabad"
60,New Astoria Restaurant,17.406533,78.497202,500.0,2.0,3.8,"Opposite Sandhya Theatre, RTC Cross Road, Nallakunta, Hyderabad"
61,Scoops Ice Cream,17.399622,78.491557,200.0,1.0,3.3,"Opposite Taj Mahal, Himayath Nagar, Hyderabad"
62,Burger King,17.401489,78.48606,500.0,2.0,4.0,"Unit 104 A,105 A,106,107, MPM Millennium Mall, GHMC 3-6-552 to 3-6-558,558/1, Main Road, Himayath Nagar, Hyderabad"
63,Chilly's,17.441956,78.485858,1000.0,3.0,3.8,"1-7-54/B, Raj Comfort Inn, Paradise Circle, Secunderabad"
64,Crystal Restaurant & Bar,17.406702,78.497051,700.0,2.0,3.6,"1-7-1070, Next To Sandhya Theatre, RTC Cross Road, Nallakunta, Hyderabad"
65,Hot N Tasty Chicken Shawarma,17.372629,78.499323,250.0,1.0,3.2,"Opposite Hotel Sohail, Malakpet, Hyderabad"
66,Hotel Savera,17.377237,78.492257,200.0,1.0,3.6,"Near Chaderghat Cross Road, Chaderghar, Malakpet, Hyderabad"
67,Ahadia Hotel,17.376456,78.492373,300.0,1.0,3.1,"Near Sahifa Masjid, Azampura Cross Road, Chaderghat, Malakpet, Hyderabad"
68,KMC Arabian Restaurant- A Unit of Peoples Mart,17.371909,78.499847,450.0,1.0,3.0,"16-2-664/1, 2nd Floor, Government Printing Press Road, Malakpet, Hyderabad"
69,0.0,0.0,0.0,0.0,0.0,0.0,
70,Exotica,17.410308,78.437204,1800.0,3.0,4.6,"5th Floor, 12th Square Building, Road 12, Opposite Audi Showroom, Banjara Hills, Hyderabad"
71,Pizza Hut,17.419348,78.448475,600.0,2.0,2.8,"3rd Floor, GVK One Mall, Road 1, Banjara Hills, Hyderabad"
72,Hotel City Diamond,17.403114,78.416998,400.0,1.0,3.2,"Plot 13, IAS Colony, Hakeempet, Tolichowki, Hyderabad"
73,Khan Saheb,17.405688,78.451785,350.0,1.0,3.1,"10-5-2-7/A, Banjara Hills Road 1, Masab Tank, Hyderabad"
74,Subway,17.414483,78.450139,350.0,1.0,3.8,"Opposite Axis Bank, M.S Towers, Road 1, Banjara Hills, Hyderabad"
75,Burger King,17.418699,78.448586,500.0,2.0,4.0,"3rd Floor, GVK One, Road 1, Banjara Hills, Hyderabad"
76,Indian Foodies Hub,17.411598,78.434936,800.0,2.0,4.0,"8-2-686/K/2 E3, 4th Floor, Kimtee Square, NBT Nagar, Road 12, Banjara Hills, Hyderabad"
77,Ohri's De Thali,17.435619,78.457809,900.0,2.0,4.7,"Ground Floor, Block 3, White House Building,  Greenlands Road, Kundan Bagh Colony, Begumpet, Hyderabad"
78,Rock Castle,17.421072,78.442444,1050.0,3.0,3.9,"Road 4, Banjara Hills, Hyderabad"
79,Nanking CR,17.426024,78.435136,800.0,2.0,3.8,"1st Floor, Lumbini Jewel Mall, Road 2, Banjara Hills, Hyderabad"
80,Levant Restaurant,17.425034,78.438206,1000.0,3.0,4.4,"Plot 17, Road 3, UBI Colony, Opposite Season Express, Banjara Hills, Hyderabad"
81,Sarvi Bakers & Restaurant,17.41269,78.449399,250.0,1.0,4.2,"Road 1, Opposite Care Hospital, Banjara Hills, Hyderabad"
82,KFC,17.429155,78.45022,450.0,1.0,3.8,"L&T Mall, L5, Ward 89, Block E, Panjagutta, Hyderabad"
83,Blue Fox,17.413539,78.44501,1000.0,3.0,3.8,"Plot 8-2-616, Road 11, Banjara Hills, Hyderabad"
84,Swiss Castle,17.425611,78.435472,200.0,1.0,4.0,"Opposite Lumbini Jewel Mall, Mantarai Jewellers, Road 02, Banjara Hills, Hyderabad"
85,Spice 6 - The Arab Villagio,17.411531,78.435595,1100.0,3.0,4.3,"8-2-684/B/P/12 & 13, Road 12, Banjara Hills, Hyderabad"
86,Levant Restaurant,17.425034,78.438206,1000.0,3.0,4.4,"Plot 17, Road 3, UBI Colony, Opposite Season Express, Banjara Hills, Hyderabad"
87,Al Saud Bait Al Mandi,17.305739,78.474701,500.0,2.0,3.7,"Barkas, Errakunta, Chandrayanagutta, Hyderabad"
88,Mashallah Shawarma,17.314223,78.478204,300.0,1.0,4.0,"18-11-27/6, Shop 6, Oppsite Peeli Dargah, Chandrayanagutta, Hyderabad"
89,Yum Yum Tree Arabian Food Court,17.314541,78.478287,1000.0,3.0,4.2,"18-11-28/A, Barkas Salala, Chandrayanagutta, Hyderabad"
90,Pista House,17.356443,78.473413,500.0,2.0,4.1,"Shop 20, 4-140, Shalibanda Road, Charminar, Hyderabad"
91,OYALO,17.39765,78.504753,300.0,1.0,3.5,"2-1-448/2, Street 5, Nallakunta, Hyderabad, Telangana, India"
92,Ohri's Ming's Court,17.404854,78.476556,1400.0,3.0,4.7,"5-9-30/16-20, Ohri's Cuisine Court, Opposite Old Gandhi Medical College, Basheer Bagh, Hyderabad"
93,Cafe Bahar,17.399741,78.478595,400.0,1.0,4.5,"3-5/815A, Hyderguda, Basheer Bagh, Hyderabad"
94,Chung Hua Restaurant,17.405639,78.476313,700.0,2.0,3.9,"5-9/29G, 1, Hira Mansion, Opposite Paigah Plaza, Basheer Bagh, Hyderabad"
95,Mohini Multicuisine Restaurant,17.40186,78.476094,400.0,1.0,3.9,"3-6/342, Opposite Babukhan Estate, Basheer Bagh, Hyderabad"
96,Ohri's Silver Metro,17.404959,78.476609,1200.0,3.0,4.3,"5-9-30/16-20, Ohri's Cuisine Court, Opposite Old Gandhi Medical College, Basheer Bagh, Hyderabad"
97,Gelatissimo,17.402022,78.484032,350.0,1.0,4.1,"G.S Towers, AP State Housing Board, Himayath Nagar, Hyderabad"
98,Alex's Kitchen,17.406124,78.478293,600.0,2.0,4.0,"3-6-10, Liberty Road, Himayath Nagar, Hyderabad"
99,Blue Diamond,17.39928,78.474794,800.0,2.0,4.1,"Sesodharaka Bhavan, Near Nizam College, Basheer Bagh, Hyderabad"
100,Ohri's Silver Metro,17.404959,78.476609,1200.0,3.0,4.3,"5-9-30/16-20, Ohri's Cuisine Court, Opposite Old Gandhi Medical College, Basheer Bagh, Hyderabad"
101,Laxman Ki Bandi,17.378962,78.464095,100.0,1.0,4.2,"Near Mangalhat Road, Gyan Bagh Colony, Nampally, Hyderabad"
102,Paradise Biryani,17.444498,78.462531,800.0,2.0,4.4,"Near Saptagiri Towers, Mayur Marg, Begumpet, Hyderabad"
103,Thai Pavilion - Vivanta By Taj,17.443723,78.460864,4000.0,4.0,4.3,"Vivanta By Taj, 1-10-147 & 148, Mayuri Marg, Begumpet, Hyderabad"
104,Jai Hanuman Chat Bhandar,17.435768,78.461402,100.0,1.0,3.1,"Near Sri Rajarajashwari Kirana Store, Uma Nagar, Begumpet, Hyderabad"
105,Ohri's 70mm,17.431809,78.465,1500.0,3.0,4.6,"39, Near Jalvihar Entertainment Private Limited, Necklace Road, Hyderabad"
106,Victoria Restaurant,17.467219,78.429246,500.0,2.0,3.6,"Bharath Nagar, Moosapet, Hyderabad"
107,Blue Fox,17.437458,78.445975,1000.0,3.0,3.6,"Plot No 3, Regency Plaza, Behind HUDA Mythrivanam, Ameerpet, Hyderabad, Telangana 500016"
108,Lovely Dhaba,17.474786,78.474054,300.0,1.0,3.7,"187, National Highway 44, Plassy Lines, Bowenpally, Secunderabad"
109,Lovely Dhaba,17.474786,78.474054,300.0,1.0,3.7,"187, National Highway 44, Plassy Lines, Bowenpally, Secunderabad"
110,Hotel Swagath,17.346146,78.508152,150.0,1.0,3.2,"Near Yadagiri Theatre, Santosh Nagar, Near Saroor Nagar, Hyderabad"
111,Hotel Sohail,17.372433,78.499335,700.0,2.0,3.7,"Shop 16-8-992, Beside Government Hospital, Nalgonda Cross Roads, Officers Colony, Chanchalguda, New Malakpet, Malakpet, Hyderabad"
112,Hotel Rumaan,17.328305,78.481199,500.0,2.0,4.1,"18/9/73-7/1, Circle 6, Chandrayangutta Main Road, Chandrayanagutta, Hyderabad"
113,Airport Bawarchi Restaurant,17.323435,78.480024,700.0,2.0,3.2,"CRPF Colony, Near Police Station, Chandrayanagutta, Hyderabad"
114,Alpha Hotel,17.434488,78.5006,300.0,1.0,4.2,"7-1-6/3, St. Marys Road, Railway Station Road, Secunderabad"
115,Sri Balaji Family Dhaba,17.425378,78.506835,400.0,1.0,4.0,"6-1-282/3/1, Beside Gharonda Supermarket, Opposite New Park, Padmarao Nagar, Secunderabad"
116,Sarvi Restaurant,17.412893,78.449672,850.0,2.0,4.2,"6-2-626, Opposite Care Hospital, Road 1 & 11, Banjara Hills, Hyderabad"
117,7 Seasons,17.413284,78.450657,1100.0,3.0,4.0,"6-3-248/3/1, Road 1, Beside Sakshi Office, Banjara Hills, Hyderabad"
118,Paradise Biryani,17.412368,78.465337,950.0,2.0,4.2,"NTR Gardens, Near Prasads IMAX, Saifabad, Necklace Road, Hyderabad"
119,Tabla,17.412045,78.450111,900.0,2.0,3.7,"Floor 5, Bhaskar Plaza, Road 1, Banjara Hills, Hyderabad"
120,Santosh Family Dhaba,17.41309,78.448942,600.0,2.0,3.6,"8-2-626/1/2, Ground Floor, Road 11, Near Reliance Majestic, Banjara Hills, Hyderabad"
121,Angeethi Asli Dhaba,17.415245,78.448879,1100.0,3.0,3.7,"5th Floor, City Center Mall, Road 1, Banjara Hills, Hyderabad"
122,Lassi Shop,17.409005,78.46052,200.0,1.0,3.5,"6S 2S, 146/A/4, Opposite Shadan College, Chintal Basti Bus Stop, Khairatabad, Hyderabad"
123,Subway,17.414483,78.450139,350.0,1.0,3.8,"Opposite Axis Bank, M.S Towers, Road 1, Banjara Hills, Hyderabad"
124,Sri Sai Siri Darshini,17.417954,78.457477,250.0,1.0,3.3,"6-3-650, Maheshwari Chambers, Beside Medinova, Somajiguda, Hyderabad"
125,Scoops Ice Cream,17.339068,78.56676,250.0,1.0,2.8,"Hotel Swagath Grand, Near Vishnu Theatre, Vanasthalipuram, Hyderabad"
126,Domino's Pizza,17.34042,78.563214,400.0,1.0,3.7,"Ground Floor, 5-5-708/8, Udayanandan Heights, Abhyudaya Colony, Chintalkunta, Hyderabad Vijayawada National Highway, Vanasthalipuram, Hyderabad"
127,Ankapur Village Hotel,17.339279,78.565614,750.0,2.0,2.6,"House 5-5-496, Plot 76, Prashanth Nagar, Vanasthalipuram, Hyderabad"
128,Green Bawarchi,17.368157,78.525539,550.0,2.0,3.7,"Opposite Main Bus Stand, Sharada Nagar, Dilsukhnagar, Hyderabad"
129,M S Bakers,17.452969,78.424379,100.0,1.0,3.6,"Beside Royal Garderns, Near Hanuman Temple, Moti Nagar, Hyderabad"
130,Delhi Durbar,17.463751,78.458803,500.0,2.0,4.0,"4-75/1, Madhavi Nagar, Balanagar, Hyderabad"
131,Green Bawarchi,17.463395,78.452517,500.0,2.0,3.2,"Near Shobana Bus Stop, Balanagar, Hyderabad"
132,Nice Parrivar,17.46373,78.456805,500.0,2.0,3.3,"Hotel Samrat Building, Opposite BBR Hospital, Serozguda, Balanagar, Hyderabad"
133,Simply South,17.416179,78.410065,1100.0,3.0,4.2,"Plot 258, Road 82, Near Film Nagar Club, Film Nagar, Hyderabad"
134,So. The Sky Kitchen,17.416063,78.416825,1600.0,3.0,4.1,"4th Floor, Aryans, Road 92, Near Apollo Hospital, Film Nagar, Hyderabad"
135,The Food Project,17.441029,78.390482,300.0,1.0,3.2,"Same Place Food Court, Beside Fortune Towers, Madhapur, Hyderabad"
136,Little Italy,17.416197,78.416913,2000.0,4.0,4.2,"550F, 3rd Floor, Road 92, Near Apollo Hospital, Film Nagar, Hyderabad"
137,SodaBottleOpenerWala,17.422562,78.410996,1500.0,3.0,4.5,"Unit 4, Ground Floor, Niharika Jubilee 1, Road 1, Jubilee Hills, Hyderabad"
138,China Bistro,17.422511,78.410993,1600.0,3.0,4.6,"Ground & 1st Floor, Niharika Jubilee One, Road 1, Jubilee Hills, Hyderabad"
139,Mezze Bar,17.416389,78.410846,400.0,1.0,3.4,"Cuba Drive-In, Film Nagar, Hyderabad"
140,Flavours Of TMH - Taj Mahal Hotel,17.417085,78.415544,1000.0,3.0,4.0,"Plot 570, Ground Floor, Taj Mahal Hotel, Road 92, Jubilee Hills, Hyderabad"
141,Filmy Junction by Southern Spice,17.41846,78.412203,1500.0,3.0,3.4,"Door 8 -2-293/82/F/A/3, Road 1, Film Nagar, Hyderabad"
142,Simply South,17.448422,78.379105,1200.0,3.0,3.9,"Floor 2, BK Towers, Opposite Trident Hotel, Near Cyber Towers, Hitech City, Hyderabad"
143,Shriji Rasoi,17.448835,78.356902,300.0,1.0,3.8,"HIG 29A, Opposite DLF Software Park Gate 3, Gachibowli, Hyderabad"
144,Express by ABs,17.442905,78.357374,400.0,1.0,4.1,"1st Floor, Backside Pick Up Point, Apurupa Silpi, Indiranagar, Gachibowli, Hyderabad"
145,Shanghai Chef 2,17.441769,78.357532,800.0,2.0,3.8,"76, MM Arcade, Floor 1, Above Airtel Showroom Vinayak Nagar, Gachibowli, Hyderabad"
146,Paradise Biryani,17.442356,78.356508,800.0,2.0,4.6,"Plot 22-23, Vinayaknagar, Gachibowli Main Road, Gachibowli, Hyderabad"
147,Udipi's Upahar,17.441045,78.360659,500.0,2.0,4.2,"2-21/4, Kannayalal Complex, Indira Nagar, Gachibowli, Hyderabad"
148,Eat India Company,17.442567,78.354935,1300.0,3.0,3.8,"Plot 9, 10, 11, 16, 17, 18, Survey 92/1, 92/3, 4th Floor & Terrace, Gachibowli Road, Gachibowli, Hyderabad"
149,Sardarji's Chaats & More,17.441407,78.358428,400.0,1.0,4.0,"Beside HDFC Bank, Indranagar, Gachibowli, Hyderabad"
150,Karalu Miriyal,17.451625,78.393657,1000.0,3.0,4.0,"3-821, Ayappa Society, 100 Feet Road, Madhapur, Hyderabad"
151,Shanghai Chef 2,17.441769,78.357532,800.0,2.0,3.8,"76, MM Arcade, Floor 1, Above Airtel Showroom Vinayak Nagar, Gachibowli, Hyderabad"
152,Spice Gossips,17.448817,78.35749,600.0,2.0,0,"P 33/A, 1st Floor, Ayyapa Heights, APHP Colony, Gachibowli, Hyderabad"
153,Coastal Kitchen,17.448439,78.359961,500.0,2.0,3.1,"Hig A- 64, Mahathi Chambers, APHB Colony, Gachibowli, Hyderabad"
154,Delhi Plate,17.442462,78.362102,200.0,1.0,3.6,"Thejasree Enclave, Street 1, Gachibowli Miyapur Road, Gachibowli, Hyderabad"
155,9th Food Shawarma & Biryani House,17.448694,78.35538,400.0,1.0,3.3,"Gate Number 2, DLF, Gachibowli, Hyderabad"
156,Sardarji's Chaats & More,17.441407,78.358428,400.0,1.0,4.0,"Beside HDFC Bank, Indranagar, Gachibowli, Hyderabad"
157,Kebab Pavilion - Ellaa Hotels,17.441698,78.344881,1200.0,3.0,2.8,"Ellaa Hotels, Hill Ridge Springs, Gachibowli, Hyderabad"
158,Alchemy Lounge - Ellaa Hotels,17.44169,78.344885,1900.0,3.0,3.0,"Ellaa Hotels, Hill Ridge Springs,ISB road, Gachibowli, Hyderabad"
159,Indus - Ellaa Hotels,17.441698,78.344881,1000.0,3.0,3.0,"Ellaa Hotels, Hill Ridge Springs, Gachibowli, Hyderabad"
160,Karachi Cafe,17.441369,78.358616,600.0,2.0,4.1,"2-37/123&124, Vinayak Nagar, Near Hdfc Bank, Gachibowli, Hyderabad"
161,Mandar,17.397074,78.424695,750.0,2.0,4.0,"9-4-77/F/10, Yousuf Tekri Complex, Opposite RTA Office, Tolichowki, Hyderabad"
162,Prince Hotel,17.394624,78.442283,400.0,1.0,4.1,"10-3-5/F5 & 7, Near Humayun Ps X Roads, Mehdipatnam, Hyderabad"
163,Green Chutney Tiffins,17.392443,78.437773,100.0,1.0,3.3,"Opposite St. Ann's College, Mehdipatnam, Hyderabad"
164,Anupama Hotel Veg & Non Veg,17.406073,78.464849,200.0,1.0,3.7,"Vasavi Complex, Floor 1, Beside Hotel Rajdoot, Lakdikapul, Hyderabad"
165,Hotel City Diamond,17.39423,78.440843,250.0,1.0,4.3,"Mehdipatnam Circle, Mehdipatnam, Hyderabad"
166,Prince Hotel,17.394624,78.442283,400.0,1.0,4.1,"10-3-5/F5 & 7, Near Humayun Ps X Roads, Mehdipatnam, Hyderabad"
167,Chaska Shawarma & Kabab Centre,17.388595,78.428654,200.0,1.0,3.6,"Laxmi Nagar, Khader Bagh, Pillar 68, Mehdipatnam, Hyderabad"
168,Al-Labbaik Shawarma,17.394681,78.442357,200.0,1.0,3.4,"Mujaddady Estate, Mehdipatnam, Hyderabad"
169,Al Rabea Al Arabia Restaurant,17.39525,78.432221,500.0,2.0,3.9,"H 12-2-772, Pillar 37, Rethibowli, Mehdipatnam, Hyderabad"
170,Tasty Fish Fry Point,17.39449,78.431227,200.0,1.0,0,"Street 9, Venkateswara Nagar, Durga Nagar, Rajendra Nagar, Hyderabad"
171,78 East Restaurant,17.417077,78.544154,750.0,2.0,3.1,"5th Floor, Above Sony Center, Main Road, Habsiguda, Hyderabad"
172,Hotel Suprabhat,17.419438,78.540747,200.0,1.0,3.9,"Opposite Habsiguda Metro Station, Habsiguda Cross Road, Habsiguda, Hyderabad"
173,Lock N Escape,17.415461,78.449593,750.0,2.0,3.8,"6-3-249/6/1/D, Aztec Towers, Road 1, Banjara Hills, Hyderabad"
174,Kinara Grand,17.420338,78.540103,800.0,2.0,3.4,"Opposite CCMB, Hotel Swagath Grand, Habsiguda Cross Road, Habsiguda, Hyderabad"
175,Arabian Mandi,17.418885,78.541589,300.0,1.0,3.6,"1-1-16, Nacharam X Roads, Above New Green Bawarchi, Habsiguda, Hyderabad"
176,Big Spice Restaurant & Bar,17.419403,78.54099,1000.0,3.0,3.7,"1-90/6, 1st Floor, Habsiguda Cross Roads, Habsiguda, Hyderabad"
177,Ghungroo,17.4228,78.545127,800.0,2.0,2.8,"Above HDFC Bank, Nacharam Mallapur Road, Nacharam, Secunderabad"
178,Green 7th Heaven Bakery,17.484871,78.360285,300.0,1.0,0,"House 1-54/1, Opposite Genpact, Hafeezpet, Hyderabad"
179,Firewater  Kitchen & Bar,17.448087,78.379026,1300.0,3.0,4.2,"5th Floor, Phoenix Tower A, Opposite Trident Hotel, Hitech City, Hyderabad"
180,Fast Forward,17.449438,78.38311,1200.0,3.0,3.9,"4th Floor, Opposite Hotel Avasa, Hitech City, Hyderabad"
181,Aangan - Yatri Nivas,17.442855,78.484175,1100.0,3.0,3.4,"1-8-180/B, Yatri Nivas, S P Road, Secunderabad"
182,Mandil,17.448955,78.379446,750.0,2.0,4.5,"1-90/7/B/22, 8, 9, Cyber Enclave, Opposite Trident Hotel, Hitech City, Hyderabad"
183,Chef Inam's Steak House,17.408723,78.438673,1800.0,3.0,4.1,"8-2-610, 7th Floor Silver Tower, Cross 3 Road Banjara Hills, Hyderabad"
184,Paradise Biryani,17.450383,78.379082,800.0,2.0,4.5,"Opposite Cyber Tower, Hitech City, Hyderabad"
185,Chutneys,17.452463,78.38036,600.0,2.0,4.2,"Opposite Shilparamam Main Gate, Hitech City, Hyderabad"
186,Ohri's Rubaiyat,17.444672,78.377033,1200.0,3.0,4.5,"Ohris Cyber Pearl, Block 1, Hitech City, Hyderabad Madhapur, Cyberabad"
187,Yum Yum Tree,17.442654,78.388046,800.0,2.0,4.0,"Door 1-10/4, AGB Madhapur, Circle 11, Madhapur, Hyderabad"
188,Frozen Desert,17.44309,78.371975,400.0,1.0,4.4,"78 A, Silpa Layout, Near Deloitte Hitech City, Hitech City, Hyderabad"
189,Gur Nihal Foods,17.447237,78.381264,300.0,1.0,3.0,"11, Patrika Nagar, Opposite Cyber Gateway, Lane 2, Hitech City, Hyderabad"
190,Slounge - Lemon Tree Premier,17.443379,78.376698,2000.0,4.0,4.0,"Lemon Tree Premier, Plot 2, Survey 64, Hitech City, Hyderabad"
191,Flechazo,17.446683,78.384505,1300.0,3.0,4.6,"2nd Floor, Sun Towers, Huda Techno Enclave, Above Mangatrai Jewellers, Sector 1, Madhapur, Hyderabad"
192,KFC,17.450633,78.379534,500.0,2.0,3.9,"Shilpakalathoranam, Hitec City, Madhapur, Hyderabad, Telangana 500081"
193,Seema Deva Raya,17.442548,78.388118,650.0,2.0,3.7,"1-10/4, Ground Floor, Oyster Uptown Building, Opposite Krish Sapphire, Madhapur, Hyderabad"
194,0.0,0.0,0.0,0.0,0.0,0.0,
195,Tabla Sapphire,17.445624,78.377634,1200.0,3.0,3.6,"Plot 18, 3rd Floor, Sector 2, Opposite Cyber Pearl, Hardhick Crown, Hitech City, Hyderabad"
196,Roast The Caffeine Capital,17.442837,78.383005,800.0,2.0,3.4,"Deccan Serai Hotel, 82 & 84, Raheja Mindspace, Hitech City, Hyderabad"
197,Sumeet's Kitchen,17.442408,78.384382,500.0,2.0,3.2,"S 1-90/5/86 & 1-90/5/86A, Municipal, Vittalrao Nagar, Madhapur, Hyderabad"
198,Flechazo,17.446683,78.384505,1300.0,3.0,4.6,"2nd Floor, Sun Towers, Huda Techno Enclave, Above Mangatrai Jewellers, Sector 1, Madhapur, Hyderabad"
199,Sumeet's Kitchen,17.442408,78.384382,500.0,2.0,3.2,"S 1-90/5/86 & 1-90/5/86A, Municipal, Vittalrao Nagar, Madhapur, Hyderabad"
200,Little Italy,17.448302,78.378908,1800.0,3.0,4.3,"3rd Floor, BK Towers, Huda Techno Enclave, Near Cyber Towers, Sector 2, Hitech City, Hyderabad"
201,Rotis,17.445567,78.377459,1000.0,3.0,3.9,"Plot 18, 2nd Floor, Sector 2, Hardhik Crown, Opposite Cyber Pearl, Hitech City, Hyderabad"
202,Swaad Restaurant,17.445601,78.386793,250.0,1.0,4.2,"Arunodaya Colony, Opposite Vodafone Mobile Store, Madhapur, Hyderabad"
203,Sumeet's Kitchen,17.442408,78.384382,500.0,2.0,3.2,"S 1-90/5/86 & 1-90/5/86A, Municipal, Vittalrao Nagar, Madhapur, Hyderabad"
204,Mainland China,17.452694,78.380231,1800.0,3.0,4.2,"Plot 1 & 2, Rohini Layout, Opposite Shilparamam, Hitech City, Hyderabad"
205,Palamuru Grill,17.452362,78.384947,600.0,2.0,3.7,"100 Feet Road, Ayyappa Society, Opposite Meridian School, Madhapur, Hyderabad"
206,Village Aaharam,17.418091,78.361854,350.0,1.0,4.0,"Nanakramguda Road, Opposite Green Grace Apartment, Khajaguda, Gachibowli, Hyderabad"
207,The Spice Craft,17.446815,78.389798,300.0,1.0,0,"Jai Hind Enclave, Road 9, Madhapur, Hyderabad"
208,Clever Fox Cafe,17.443451,78.376561,700.0,2.0,4.0,"Red Fox Hotel, 64, Hitech City, Hyderabad"
209,Yum Yum Tree,17.442654,78.388046,800.0,2.0,4.0,"Door 1-10/4, AGB Madhapur, Circle 11, Madhapur, Hyderabad"
210,ibaco,17.447234,78.378227,400.0,1.0,4.0,"Shop No 2,SBR Gateway, Huda Techno Enclave,Sector II, Madhapur,Hitech City,Hyderabad"
211,Raju Gari Biryani,17.446342,78.39251,200.0,1.0,3.7,"Plot 64, Opposite RR Kadapa Ruchulu, Ayyapa Society, Madhapur, Hyderabad"
212,Ohri's Nautanki Gali,17.444686,78.377026,1100.0,3.0,4.5,"Plot 9, Survey 64, Cyber Pearl, Madhapur, Hitech City, Hyderabad"
213,ibaco,17.447234,78.378227,400.0,1.0,4.0,"Shop No 2,SBR Gateway, Huda Techno Enclave,Sector II, Madhapur,Hitech City,Hyderabad"
214,Kebab Theatre - Lemon Tree Premier,17.443416,78.376654,1400.0,3.0,4.1,"Lemon Tree Hotel, Plot 2, Survey 64, Hitech City, Hyderabad"
215,Kolkata House,17.472237,78.364426,700.0,2.0,4.0,"110/N23, Opposite RTA Office, Kondapur, Hyderabad"
216,La Cantina - Novotel Hyderabad Convention Centre,17.472881,78.373697,2300.0,4.0,4.1,"Novotel Hotel, HICC Complex, Cyberabad Post Office, Hitech City, Hyderabad"
217,Santosh Dhaba,17.461618,78.366621,500.0,2.0,3.5,"2-41/11/1B, Opposite Harsha Toyota, Kondapur, Hyderabad"
218,Punjabi Affair,17.462867,78.367238,800.0,2.0,4.3,"2-40/1/19/A, Kothaguda, Kondapur, Hyderabad"
219,Sri Kanya Parcels & Restaurant,17.46389,78.369454,500.0,2.0,4.0,"Near Aparna Towers, Kondapur, Hyderabad"
220,Shack N Sip Eatery,17.458922,78.350887,250.0,1.0,3.3,"Plot 634, 40 Feet Road, Sri Ram Nagar Colony, Kondapur, Hyderabad"
221,Kritunga Restaurant,17.469815,78.365636,700.0,2.0,2.6,"Opposite RTO Office, Kondapur, Hyderabad"
222,New Kerala Kitchen,17.46214,78.366815,500.0,2.0,0,"4th Floor, QZ Plaza, Near Harsha Toyota, Kondapur, Hyderabad"
223,Domino's Pizza,17.463814,78.369346,400.0,1.0,3.6,"First Floor, Sri Sai Thota Towers, Opposite Aparna Towers, Ravi Enclave, Kondapur Village, Kondapur, Hyderabad"
224,Madani Hotel,17.337635,78.46742,100.0,1.0,2.9,"Engine Bowli Cross Road, Falaknuma, Hyderabad"
225,Surabhi Pride,17.505186,78.478349,900.0,2.0,3.9,"Hotel Surabhi Pride, Plot 106 & 107, Green Park Avenue, Suchitra Circle, Medchal Road, Hyderabad"
226,Surabhi Pride,17.505186,78.478349,900.0,2.0,3.9,"Hotel Surabhi Pride, Plot 106 & 107, Green Park Avenue, Suchitra Circle, Medchal Road, Hyderabad"
227,Chutneys,17.429617,78.409804,800.0,2.0,4.3,"Near More Super Market, Road 36, Jubilee Hills, Hyderabad"
228,Farzi Cafe,17.428555,78.409032,1800.0,3.0,4.6,"1200, Road 59, Jubilee Hills, Hyderabad"
229,Rani Gari Tiffins,17.434462,78.413144,250.0,1.0,3.3,"Syala Drive In, Plot 265, Road 10, Beside HDFC Bank, Jubilee Hills, Hyderabad"
230,House of Pops,17.43555,78.411155,350.0,1.0,3.9,"Turf Side , Opposite Spicy Venue, Jubilee Hills, Hyderabad"
231,Chaat Company,17.427651,78.412757,200.0,1.0,3.8,"1293, A, Road 63, Jubilee Hills, Hyderabad"
232,Good Cow Cafe,17.431836,78.408325,900.0,2.0,4.1,"Plot 479/B, Road 21, Near Rayalaseema Ruchulu, Jubilee Hills, Hyderabad"
233,A` la carte kitchen,17.424351,78.40951,400.0,1.0,3.0,"Beside Mexican Grill Subs , Road no 45, Jubilee Hills, Hyderabad"
234,Vivaha Bhojanambu,17.434539,78.414259,1000.0,3.0,4.0,"Plot 265/F, Road 10, Jubilee Hills, Hyderabad"
235,Ulavacharu,17.423905,78.411989,1200.0,3.0,4.0,"1299/F, Road 68, Near Indian Oil Petrol Pump, Jubilee Hills, Hyderabad"
236,Kondapalli Kitchen,17.431483,78.406697,500.0,2.0,3.9,"House 8-2-293/82/A/1096, Road 36, Ground Floor, Zonah Neptune, SVM Mall, Jubilee Hills, Hyderabad"
237,KFC,17.423308,78.427912,450.0,1.0,3.8,"Ground Floor, Cinemax Building, RK Cineplex, Road 2, Banjara Hills, Hyderabad"
238,The Spicy Venue,17.436171,78.410743,900.0,2.0,4.2,"265/S, Near Diamond House, Road 10, Jubilee Hills, Hyderabad"
239,Orka Cafe,17.427384,78.405201,1200.0,3.0,4.1,"Door 8-2-293/82/A/1059, Plot 1059, Road 53, Jubilee Hills, Hyderabad"
240,Sri Siva Reddy Sweets,17.451976,78.424463,200.0,1.0,3.3,"Balaji Swarnapuri Colony, Moti Nagar, Hyderabad"
241,Arabian Corner Restaurant,17.407798,78.417304,600.0,2.0,3.8,"482, Road 86, Paramount Hills, Film Nagar, Hyderabad"
242,Burger Hub's,17.412,78.545,300.0,1.0,3.2,"Plot 29, S-2, 1st Floor, Street 8, Vasanth Vihar, Habsiguda, Hyderabad"
243,Hotel Bhadra's Grand,17.401615,78.545297,650.0,2.0,3.5,"Plot 6, Beside NSL Arena, Ramanthapur, Hyderabad"
244,Nagini Parota Center,17.490477,78.572589,150.0,1.0,3.5,"Opposite Radhika Theatre, Jai Kissan Colony, Saket Road, A S Rao Nagar, Secunderabad"
245,Shahi Biryani Darbaar,17.47113,78.508588,500.0,2.0,3.6,"Trimugherry Cross Road, Trimulgherry, Secunderabad"
246,Hotel SPG Grand,17.346547,78.520065,800.0,2.0,3.5,"Vyshali Nagar, Above State Bank of Hyderabad, Champapet, Saroor Nagar, Hyderabad"
247,Hotel Anand Bhavan,17.364409,78.42791,300.0,1.0,2.6,"1-4-178, Pillar 142, Hyderaguda Cross Road, Attapur, Hyderabad"
248,Dairy Den,17.386458,78.434162,350.0,1.0,3.3,"Plot 34, Navodaya Colony, Mehdipatnam, Hyderabad"
249,Kinara Grand,17.380181,78.429606,700.0,2.0,3.9,"Pillar 92, Near Mehdipatnam, Indra Nagar, Attapur, Hyderabad"
250,MoMo Cafe - Courtyard By Marriott,17.425258,78.48698,2700.0,4.0,3.9,"Opposite Hussain Sagar Lake, Tank Bund Road, Near Necklace Road, Hyderabad"
251,MoMo Cafe - Courtyard By Marriott,17.425258,78.48698,2700.0,4.0,3.9,"Opposite Hussain Sagar Lake, Tank Bund Road, Near Necklace Road, Hyderabad"
252,Bidri - Hyderabad Marriott Hotel & Convention Centre,17.425258,78.48698,3000.0,4.0,4.1,"Hyderabad Marriott Hotel & Convention Centre, Tank Bund Road, Opposite Hussain Sagar Lake, Necklace Road, Hyderabad"
253,0.0,0.0,0.0,0.0,0.0,0.0,
254,Village Aaharam,17.418091,78.361854,350.0,1.0,4.0,"Nanakramguda Road, Opposite Green Grace Apartment, Khajaguda, Gachibowli, Hyderabad"
255,Balaji Pranav Family Dhaba,17.331343,78.438544,600.0,2.0,3.6,"Opposite National Police Academy, Raghvendra Nagar Society, Shivrampalli, Shamshabad, Hyderabad"
256,Balaji Santosh Family Dhaba,17.543801,78.491382,600.0,2.0,3.4,"Beside Corporation Bank, Sumitra Complex, Main Road, Kompally, Hyderabad"
257,Delicious Pizza,17.528109,78.485521,400.0,1.0,3.2,"NCC Enclave, Ruby Block, NH 44, Satyam Enclave, Kompally, Hyderabad"
258,Kulture Sports Bar,17.531273,78.487434,700.0,2.0,0,"Plot 3, 9 & 8/P, Survey 127, Ground Floor, Near Prajay Apartments, Dundigal, Medchal-Malkajgiri, Kompally, Hyderabad"
259,Udipi's Upahar,17.470077,78.365703,150.0,1.0,3.6,"H-1-112/73, Adjacent City Union Bank, Gachibowli - Miyapur Road, Hyderabad Hanuman Nagar, Silpa Park, Kondapur"
260,Palamuru Grill & Bar,17.469874,78.365961,1100.0,3.0,3.3,"Plot 25 C, Raghavendra Colony, Near RTO Office, Kondapur, Hyderabad"
261,0.0,0.0,0.0,0.0,0.0,0.0,
262,KFC,17.423308,78.427912,450.0,1.0,3.8,"Ground Floor, Cinemax Building, RK Cineplex, Road 2, Banjara Hills, Hyderabad"
263,TGI Fridays,17.423492,78.427922,2200.0,4.0,4.1,"1st Floor, Cinemax Building, RK Cineplex, Opposite LV Prasad Hospital, Road 2, Banjara Hills, Hyderabad"
264,Blue Fox,17.423352,78.427821,1400.0,3.0,3.9,"1st Floor, Cinemax Building, RK Cineplex, Road 2, Banjara Hills, Hyderabad"
265,Kanthi Foods,17.435059,78.440376,100.0,1.0,3.4,"8-3-633/44, Tawakkal Nagar, Ambedkar Nagar, Yella Reddy Guda, S R Nagar, Hyderabad"
266,Dessi Cuppa,17.422751,78.429111,200.0,1.0,3.3,"Plot 42, Road 14, Opposite Park Hyatt, Banjara Hills, Hyderabad"
267,Sri Sai Ram,17.436788,78.432318,200.0,1.0,3.1,"Near PJR Statue, Yousufguda X Road, Yousufguda, Hyderabad"
268,Green Bawarchi Restaurant,17.430072,78.428368,600.0,2.0,3.6,"Plot 502-503, Harni Plaza, Kamalapuri Colony, Krishna Nagar, Srinagar Colony, Hyderabad"
269,Thaalimpu,17.432045,78.444686,550.0,2.0,3.7,"8-3-903/10, Nagarjuna Nagar, Bata Road, Ameerpet, Hyderabad"
270,Hashi,17.433624,78.417408,1000.0,3.0,4.4,"Plot 128/A, Road 11, Jubilee Hills, Hyderabad"
271,LÃ© Vantage Cafe Bar,17.430029,78.417257,1000.0,3.0,4.5,"Plot 197/A & 197, Road 13, Jubilee Hills, Hyderabad"
272,The Clay Pot,17.424913,78.42124,750.0,2.0,3.2,"House 6-2-120/C/98/10, Plot 122, Opposite KBR Park, Road 2, Banjara Hills, Hyderabad"
273,Sri Vinayaka Tiffin Center,17.433435,78.433077,150.0,1.0,0,"Shop 1, Navodaya Colony, Yousufguda, Hyderabad"
274,Tripura Restaurant,17.493448,78.404245,800.0,2.0,2.9,"25/28, Ground Floor, Alluri Trade Centre, KPHB Colony, Kukatpally, Hyderabad"
275,Chutneys,17.496315,78.396904,800.0,2.0,4.0,"Plot 1, One Square Mall, Near Viswanath Theatre, Kukatpally, Hyderabad"
276,BrownBear,17.494308,78.40474,500.0,2.0,3.8,"42, Bhagya Nagar Colony, Usha Mullapudi Road, A.S.Raju Nagar, Kukatpally, Hyderabad"
277,Green Bawarchi,17.493693,78.402911,550.0,2.0,3.3,"17-19, 1st Floor, Alluri Complex, Near KPHB Metro Station, Bhagyanagar Colony, Kukatpally, Hyderabad"
278,Sri Krishna Sweets,17.492921,78.404469,350.0,1.0,3.8,"Ground Floor, South India Shopping Mall, KPHB Colony, Kukatpally, Hyderabad"
279,Hotel Sitara Grand,17.492102,78.401996,800.0,2.0,2.9,"15-24-20/21/22, MIG, Phase 1, Kukatpally, Hyderabad"
280,KFC,17.492679,78.404694,500.0,2.0,4.0,"Ground Floor, South India Shopping Mall, Balanagar, KS Raju Nagar, Kukatpally, Hyderabad"
281,Lucky Restaurant,17.343768,78.506871,600.0,2.0,4.1,"DRDL Cross Roads, Opposite Owaisi Hospital, Santosh Nagar, Near Saroor Nagar, Hyderabad"
282,KFC,17.346013,78.552522,500.0,2.0,4.1,"49/7, 49/14 & 49/15, Bahadurguda Village, Saroornagar Mandal, Beside HP Gas Station, L B Nagar, Hyderabad"
283,Abinand Grand,17.352935,78.555489,800.0,2.0,3.8,"plot no. 11 Shivaganga Colony, Opposite Kamineni Hospital, L B Nagar, Hyderabad"
284,Bawarchi Mughal Restaurant,17.496229,78.315718,600.0,2.0,3.8,"Shop 22-90, Laxmi Commercial Complex, BHEL Crossroads, Lingampally, Hyderabad"
285,New Sree Kaveri Family Restaurant,17.49484,78.318463,700.0,2.0,3.5,"Opposite Chaitanya Junior College, Near Lingampally Bus stop, Lingampally, Hyderabad"
286,Foodie Woodie,17.479168,78.30961,500.0,2.0,3.4,"Shop number G1, Madhu Vihar, Nallagandla Bypass road, Near to Fusion International School, Serilingampally"
287,New Silver Bawarchi Restaurant,17.496616,78.315177,400.0,1.0,2.9,"Beside IBP Petrol Pump, BHEL Crossroad, Lingampally, Hyderabad"
288,New Best Green Bawarchi,17.492706,78.512336,500.0,2.0,3.4,"Opposite Lothkunta Bus Stop, Siddipet Road, Alwal, Secunderabad"
289,Street Kitchen,17.362343,78.505098,200.0,1.0,3.5,"16-1-24/A, Amin Road, Sayeedabad, Malakpet, Hyderabad"
290,Abhiruchi Hotel,17.437873,78.390124,850.0,2.0,4.1,"Durgam Cheruvu Road, Near Nectar Gardens, Madhapur, Hyderabad"
291,Ci Gusta!,17.438271,78.395759,1400.0,3.0,4.5,"Plot 66, Jyothi Celeste, Kavuri Hills, Madhapur, Hyderabad"
292,Sanjha Chullha,17.441425,78.38886,400.0,1.0,3.8,"1-40/A, Hi-Tech City Road, Near Bombay Deying, Madhapur, Hyderabad"
293,Kritunga Restaurant,17.441073,78.391316,700.0,2.0,3.6,"Main Road, Beside Indian Oil Petrol Pump, Madhapur, Hyderabad"
294,Chutneys,17.434908,78.386763,800.0,2.0,4.1,"4th Floor, Food Court, Inorbit Mall, Hitech City, Hyderabad"
295,Wat-A-Burger!,17.441325,78.396662,450.0,1.0,3.8,"Sri Rama Colony, Madhapur, Hyderabad"
296,Hitech Bawarchi Food Court,17.441101,78.391579,600.0,2.0,3.4,"Opposite Indian Oil Petrol Bunk, Ayyapa Society, X Roads, Madhapur, Hyderabad"
297,KFC,17.444435,78.386686,450.0,1.0,3.8,"Survey-64, APIIC Software Layout Inorbit Mall, F&B 14-B Food Court Level, Hitech City, Hyderabad"
298,eat.fit,17.437268,78.399826,400.0,1.0,4.4,"MSR Towers, Road 36, CBI Colony, Jubilee Hills, Hyderabad"
299,Aqua Spirit - Hotel Daspalla,17.436797,78.398248,1600.0,3.0,3.6,"Hotel Daspalla, Road 37, Jubilee Hills, Hyderabad"
300,Oh! Dish Kitchen,17.441306,78.391024,500.0,2.0,3.4,"Plot 44, House 1-98-90/25K, First Floor, Metro Pillar 39, Hi-Tech City Road, Madhapur, Hyderbad"
301,Off The Grill,17.44243,78.388004,400.0,1.0,0,"1-10/2, Hitec City Road, Madhapur, Hyderabad"
302,0.0,0.0,0.0,0.0,0.0,0.0,
303,Zomoz - The Momo Company,17.434295,78.386555,250.0,1.0,3.8,"4th Floor, Food Court, Inorbit Mall, Hitech City, Hyderabad"
304,Little Things,17.440416,78.39357,800.0,2.0,4.2,"Metro Pillar 29, Madhapur Main Road, Madhapur, Hyderabad"
305,Hyderabad Hosts,17.441383,78.39039,800.0,2.0,2.4,"Opposite Madhapur Petrol Station, Madhapur Main Road, Madhapur, Hyderabad"
306,Chic N Cone,17.43426,78.386529,200.0,1.0,3.5,"Inorbit Mall, S 64, APIIC Software Layout, Inorbit Mall Road, Mindspace Madhapur Road, Hitech City, Hyderabad"
307,Shanghai Chef,17.440181,78.389385,1100.0,3.0,0,"Gafoor Nagar, Vittal Rao Nagar, Madhapur, Hyderabad"
308,Hyderabad Spice,17.441294,78.396623,900.0,2.0,3.7,"1st Floor, Accor Blue, Near Home Mart, Kavuri Hills, Madhapur, Hyderabad"
309,TGrill,17.442599,78.396326,650.0,2.0,3.6,"3rd Floor, Jyoti Elegance, Kavuri Hills, Road 36 Extension, Madhapur, Hyderabad"
310,Ci Gusta!,17.438271,78.395759,1400.0,3.0,4.5,"Plot 66, Jyothi Celeste, Kavuri Hills, Madhapur, Hyderabad"
311,Chic N Cone,17.43426,78.386529,200.0,1.0,3.5,"Inorbit Mall, S 64, APIIC Software Layout, Inorbit Mall Road, Mindspace Madhapur Road, Hitech City, Hyderabad"
312,Punjabi Affair,17.442445,78.388024,700.0,2.0,4.3,"Opposite Krishe Sapphire Building, Madhapur, Hyderabad"
313,0.0,0.0,0.0,0.0,0.0,0.0,
314,Adaa - Taj Falaknuma Palace,17.334287,78.467513,8000.0,4.0,4.5,"Taj Falaknuma Palace, Falaknuma, Hyderabad"
315,Southern Kitchen,17.49483,78.339945,650.0,2.0,3.6,"1-57/90, Madinaguda, Near Madinaguda Bus Stop, Hafeezpet, Hyderabad"
316,Bahar Cafe,17.495114,78.338009,650.0,2.0,2.6,"Plot 5-8, Opposite Reliance Digitals, Madinaguda, Hafeezpet, Hyderabad"
317,Frozen Bottle,17.495276,78.327454,300.0,1.0,4.4,"H 2-85 And 2-83, Opposite Karur Vysya Bank, Chanda Nagar, Hyderabad"
318,B & W Restaurant - Swagath de Royal,17.460055,78.366159,800.0,2.0,3.9,"2-36, Swagath De Royal, Kothaguda Cross Roads, Kondapur, Hyderabad"
319,Paradise Biryani,17.441699,78.487526,800.0,2.0,4.7,"SD Road, Paradise Circle, Secunderabad"
320,Reshmi's Classic Restaurant,17.442175,78.49013,700.0,2.0,4.0,"108/A, 1-7-395, Park Lane, Paradise Circle, Secunderabad"
321,McDonald's,17.441648,78.491341,500.0,2.0,4.2,"Minerva Complex, S D Road, Secunderabad"
322,Chutneys,17.443102,78.479933,600.0,2.0,4.1,"1-8-303/48/3, S P Road, Secunderabad"
323,Dakshina Mandapa - Taj Tristar,17.441422,78.493475,700.0,2.0,3.9,"Taj Tristar Hotel, Basement, 1-1-40, S D Road, Secunderabad"
324,Santosh Dhaba,17.442409,78.486718,500.0,2.0,3.7,"1-7-207/C/4, Serial 4 To 8, Kamala Devi Chambers, Paradise Circle, Secunderabad"
325,Nanking,17.442016,78.49014,750.0,2.0,4.1,"103, Near Smile Super Speciality Dental Hospital, Park Lane, Paradise Circle, Secunderabad"
326,The Melting Pot -  Belson Taj Hotel,17.442338,78.493556,800.0,2.0,3.8,"Belson Taj Hotel, 82, Main Guard Road, S D Road, Secunderabad"
327,McDonald's,17.441648,78.491341,500.0,2.0,4.2,"Minerva Complex, S D Road, Secunderabad"
328,Amogh Takeaway - Yatri Nivas,17.443041,78.48424,500.0,2.0,3.4,"1-8-180/B, Yatri Nivas, S P Road, Secunderabad"
329,KFC,17.435888,78.488469,450.0,1.0,4.0,"Ankita Arcade, Rani Gunj, Secunderabad"
330,Chung Hua Restaurant,17.440825,78.479302,700.0,2.0,3.9,"1st Floor, 1-8-303/48/43, Rocha Plaza, Minister Road, PG Road, Secunderabad"
331,Sri Ratanlal Mithai Bhandar,17.436567,78.493933,250.0,1.0,3.9,"House 3-3-5, Rashtrapathi Road, Narasimha Mandir, S D Road, Secunderabad"
332,KFC,17.367474,78.540629,450.0,1.0,4.0,"11-309/1/2, Survey 9/1, Saroornagar, Opposite Bus Stop, Kothapet X Road, Hyderabad"
333,S S Dum Biryani,17.470405,78.538989,250.0,1.0,0,"House 29-504, Neredmet, Ramakrishnapuram, Vinayak Nagar, Malkajgiri, Secunderabad"
334,Mandi King,17.405999,78.376392,400.0,1.0,3.4,"Marrichettu Junction, Sri Laxmi Nagar, Near Lanco Hills, Manikonda, Hyderabad"
335,Cake Magic,17.463463,78.483701,150.0,1.0,3.4,"Plot 3, Panchavathi Colony, Bowenpally, Secunderabad"
336,KFC,17.456801,78.499467,450.0,1.0,4.0,"B1, Karkhana Road, Karkhana, Secunderabad"
337,Nanking CR,17.453996,78.498839,800.0,2.0,3.8,"Opposite Secunderabad Club, Picket, Marredpally, Secunderabad"
338,KFC,17.456801,78.499467,450.0,1.0,4.0,"B1, Karkhana Road, Karkhana, Secunderabad"
339,Sai Palace Fast Food,17.44384,78.507344,350.0,1.0,3.6,"ST 2, Lane Beside HDFC Bank ATM, Marredpally, Secunderabad"
340,A'la Liberty,17.40738,78.444296,850.0,2.0,4.2,"1st & 2nd Floor, Leela Gopal Towers, Road 12, Near Century Hospital, Banjara Hills, Hyderabad"
341,Just Parantha,17.408202,78.447438,300.0,1.0,4.0,"8-2-677/A/3/1, Banjara Plaza, Road 12, Banjara Hills, Hyderabad"
342,Paradise Biryani,17.403812,78.453018,700.0,2.0,4.0,"Cross Road, Masab Tank, Hyderabad"
343,Al Hejaz Cafeteria,17.391937,78.426741,200.0,1.0,4.1,"Tallagadd Road, Opposite New Premier Hospital, Near Nana Nagar, Mehdipatnam, Hyderabad"
344,Shah Ghouse Cafe & Restaurant,17.396299,78.424931,700.0,2.0,4.1,"House 9-4-86/17, Salarjung Colony, Circle 10, Tolichowki, Hyderabad"
345,Good Cow Cafe,17.431836,78.408325,900.0,2.0,4.1,"Plot 479/B, Road 21, Near Rayalaseema Ruchulu, Jubilee Hills, Hyderabad"
346,Afghani Kabab Express,17.39629,78.450959,600.0,2.0,3.1,"M. A S Residency, Vijay Nagar Colony Road, Castle Hills, Venkatadri Colony, Masab Tank, Hyderabad"
347,Afghani Kabab Express,17.39629,78.450959,600.0,2.0,3.1,"M. A S Residency, Vijay Nagar Colony Road, Castle Hills, Venkatadri Colony, Masab Tank, Hyderabad"
348,KFC,17.396522,78.442929,450.0,1.0,4.0,"10-3-76, 3/4, Ground Floor, Pillar 3, Humayun Nagar, Mehdipatnam, Hyderabad"
349,New 999 Tiffin Center,17.392443,78.43777,150.0,1.0,3.1,"12-2-823/A/31/2/A, Santosh Nagar Colony, Near St. Ans College, Mehdipatnam, Hyderabad"
350,20-20 Fast Food Court,17.395075,78.427089,300.0,1.0,0,"9-4-84/2, Kakathiya Nagar, Opposite HDFC Bank, Nanal Nagar, Tolichowki, Hyderabad"
351,Jalpaan,17.430248,78.456702,1700.0,3.0,4.2,"6 3 112, 4th Floor, Oasis Center, Opposite Kalanekatan Wedding Mall, Somajiguda Main Road, Begumpet, Hyderabad"
352,KFC,17.495052,78.356032,450.0,1.0,3.8,"Plot 8,9,14 & 15 , Survey 221, Beside Vijetha & Heritage Supermarkets, Madinaguda, Nandini Nagar, Ambedkar Nagar, Miyapur"
353,Domino's Pizza,17.477176,78.327138,400.0,1.0,3.4,"Ground Floor, M.A Plaza, Plot 6, Survey 195, Ashok Nagar Colony, Ramachandrapuram, Sanga Reddy, Chanda Nagar, Hyderabad"
354,Sri Sai Balaji Food Court,17.507013,78.354249,300.0,1.0,3.2,"Plot 6, Part 1 & 2, Prasanth Nagar, Miyapur, Hyderabad"
355,Angaara Restaurant,17.496793,78.360705,1000.0,3.0,4.1,"Plot 21, T.K. Heights, Miyapur, Hyderabad"
356,Bommarillu,17.49619,78.363383,700.0,2.0,2.5,"Beside Kalyan Function Hall, Miyapur Crossroad, Miyapur, Hyderabad"
357,Beijing Bistro,17.491331,78.3532,750.0,2.0,3.7,"House No. 8-230, Opposite More Supermarket, Allwyn Colony, Miyapur Allwyn Crossing, Miyapur, Hyderabad"
358,Grand Bavarchi,17.369489,78.515349,550.0,2.0,3.7,"TV Tower Cross Road, Moosarambagh, Malakpet, Hyderabad"
359,Serena Tiffins,17.368092,78.522259,250.0,1.0,3.3,"Opposite Balaji Electronics, Near Lane of R.S Brothers, Dilsukhnagar, Hyderabad"
360,Sri Surabhi Restaurant,17.455106,78.422648,700.0,2.0,3.4,"Plot 148, BKM Heights, Above More Super Market, Moti Nagar, Hyderabad"
361,Bakasura Restaurant,17.475053,78.563108,800.0,2.0,3.9,"11-6-9/C, 1st & 2nd Floor, Radhika Lane, A S Rao Nagar, Secunderabad"
362,Urban Wok,17.447526,78.571751,300.0,1.0,3.2,"2/1/1, Noma Talkies, Mallapur Maid Road, Mallapur, Secunderabad"
363,Hotel Chandra Grand,17.430128,78.553072,600.0,2.0,3.5,"3rd & 4th Floor, Reliance Building, Opposite ESI Hospital, Nacharam, Secunderabad"
364,Bar 3 Restro,17.486661,78.553993,1500.0,3.0,2.8,"Plot 156, 3rd Floor, Netaji Nagar, X Roads, Hi-Tension Road, Sainikpuri, Secunderabad"
365,Amaravathi Restaurant & Bar,17.37314,78.557827,1000.0,3.0,3.8,"Shop 2-4-302, Alkapuri X Road, LB Nagar Road, Adarsh Nagar Colony, Nagole, Hyderabad"
366,Hotel Shanthi Deluxe,17.399151,78.512883,500.0,2.0,3.8,"Sri Sai Baba Nagar Colony, Shivam Road, Nallakunta, Hyderabad"
367,Feast - Sheraton Hyderabad Hotel,17.421599,78.338089,2500.0,4.0,4.4,"Sheraton Hyderabad Hotel, 115/1, ISB Road, Financial District, Nanakramguda, Gachibowli, Hyderabad"
368,Deli 9 Bistro,17.424149,78.344052,700.0,2.0,4.1,"Wipro SEZ Parking Route, Beside Barbeque Nation, Financial District, Nanakram Guda, Gachibowli, Hyderabad"
369,Jonathan's Kitchen - Holiday Inn Express & Suites,17.424128,78.347535,1900.0,3.0,4.2,"Holiday Inn Express & Suites, Gachibowli, Hyderabad"
370,Jonathan's Kitchen - Holiday Inn Express & Suites,17.424128,78.347535,1900.0,3.0,4.2,"Holiday Inn Express & Suites, Gachibowli, Hyderabad"
371,Zega - Sheraton Hyderabad Hotel,17.421706,78.33803,1800.0,3.0,4.4,"Sheraton Hyderabad Hotel, 115/1, 10th Floor, ISB Road, Financial District, Nanakramguda, Gachibowli, Hyderabad"
372,0.0,0.0,0.0,0.0,0.0,0.0,
373,Pista House,17.396797,78.424373,550.0,2.0,4.2,"9-4-77/3/8/19, Yousuf Tekri, Tolichowki, Hyderabad"
374,Temptations,17.396822,78.424483,300.0,1.0,3.7,"Opposite RTA Office, Yousuf Tekri Food Court, Tolichowki, Hyderabad"
375,Pista House,17.396797,78.424373,550.0,2.0,4.2,"9-4-77/3/8/19, Yousuf Tekri, Tolichowki, Hyderabad"
376,Zafar's Fine Dine,17.396879,78.424704,550.0,2.0,3.7,"Yousuf Tekhri Food Court, Tolichowki, Hyderabad"
377,Hotel Sweekar,17.390631,78.489188,500.0,2.0,4.1,"3-3-11, Cross Road, Opposite Big Bazaar, Kacheguda, Hyderabad"
378,Delhi Mithai Wala,17.500188,78.389481,400.0,1.0,3.6,"21F, Nizampet Road, Jai Bharat Nagar, Hyder Nagar, Vasantha Nagar, Nizampet, Hyderabad"
379,Naivedyam Family Dhaba,17.421289,78.50299,400.0,1.0,3.6,"6-1-107, Shop 6, Jay Chandra Enclave, Opposite Pol Bal Hanuman Temple, Padmarao Nagar, Secunderabad"
380,Chin Ling,17.440907,78.503704,400.0,1.0,4.1,"9-1-94/A, Near Sangeet Theatre, S D Road, Secunderabad"
381,Kamat Hotel,17.440743,78.497088,650.0,2.0,2.9,"Near Clock Tower, S D Road, Secunderabad"
382,Garden Restaurant,17.441849,78.498968,600.0,2.0,3.7,"38, S D Road, Near Clock Tower, Secunderabad"
383,Indo Arabian Mandi Restaurant,17.520862,78.396605,600.0,2.0,0,"Shop S6 And S 7, Plot 1250, Venkata Nivas Near Elephant Circle, Pragathi Nagar, Kukatpally, Hyderabad"
384,Bowl o' China,17.443264,78.477674,700.0,2.0,3.9,"1-8-303/33/A, Nagarm Towers, NTR Circle, S P Road, Secunderabad"
385,Viva - Vivanta By Taj,17.443718,78.460857,2000.0,4.0,4.0,"Vivanta By Taj, 1-10-147 & 148, Mayuri Marg, Begumpet, Hyderabad"
386,Chinese Pavilion,17.423518,78.448753,1000.0,3.0,4.2,"Vengal Rao Park, Road 1, Banjara Hills, Hyderabad"
387,Chutneys,17.426294,78.447586,800.0,2.0,4.5,"Shilpa Arcade, Road 3, Panjagutta, Hyderabad"
388,Lassi Corner,17.429706,78.449183,300.0,1.0,0,"1-632/205, Opposite Narayana Junior College, Bapu Nagar, S.r Nagar, Circle 10, Khairatabad, Hyderabad"
389,Meridian Cafe & Restaurant,17.427429,78.452263,600.0,2.0,4.5,"6-3-697/1, Officers Colony, Panjagutta Cross Road, Panjagutta, Hyderabad"
390,Roll Call,17.4262,78.448131,300.0,1.0,3.6,"Nagarjuna Circle, Panjagutta Flyover, VST Colony, Punjagutta, Hyderabad"
391,Minerva Coffee Shop,17.42878,78.455965,800.0,2.0,4.0,"Ground Floor, Amrutha Mall, Opposite GRT Jewelers, Raj Bhavan Road, Somajiguda, Hyderabad"
392,Journey 1853,17.415191,78.448931,1800.0,3.0,4.2,"5th Floor, City Center Mall, Road 1, Banjara Hills, Hyderabad"
393,Aromas of China,17.415291,78.449592,1500.0,3.0,4.1,"5th Floor, City Center Mall, Road 1, Banjara Hills, Hyderabad"
394,Subway,17.426552,78.45278,350.0,1.0,2.7,"Ground Floor, Hyderabad Central Mall, Pajagutta Cross Roads, Panjagutta, Hyderabad"
395,Angeethi Asli Dhaba,17.415245,78.448879,1100.0,3.0,3.7,"5th Floor, City Center Mall, Road 1, Banjara Hills, Hyderabad"
396,Eggsplore,17.426577,78.453018,350.0,1.0,0,"6-3-673, 673/1, 674 & 674/1, Hyderabad Central Mall, G.S.Center Point, Panjagutta X Road, Circle 10, Panjagutta, Hyderabad"
397,0.0,0.0,0.0,0.0,0.0,0.0,
398,Udupi Tiffin Center,17.426833,78.451376,100.0,1.0,3.1,"Below Shah Beauty Store, Nagarjuna Hills Bus Stop, Panjagutta, Hyderabad"
399,New Deccan Spices,17.416192,78.412671,200.0,1.0,2.7,"Plot 79, Gate B, Jubilee Hills, Hyderabad"
400,Kuppa Adda,17.411622,78.394889,300.0,1.0,0,"Plot 1090, Road 55, Jubilee Hills, Hyderabad"
401,Bakeline Bakery & Food Products,17.414806,78.394386,350.0,1.0,2.8,"Opposite JRC Convention, Ambedkar Nagar, Film Nagar, Hyderabad"
402,Mehfil,17.41416,78.394309,700.0,2.0,3.8,"5-123/1/A, H.S Dargah, Shakepet, Hyderabad"
403,The Waterfront,17.421612,78.465407,1200.0,3.0,4.1,"Eat Street, Necklace Road, Hyderabad"
404,KFC,17.422825,78.462251,450.0,1.0,3.9,"The Grand Tower, Raj Bhavan Road, Somajiguda, Hyderabad"
405,Verandah - The Park,17.423052,78.462671,1800.0,3.0,4.4,"The Park Hotel, 22, Raj Bhavan Road, Somajiguda, Hyderabad"
406,Eaton by Home Made Foods,17.417474,78.46514,300.0,1.0,3.6,"Pitstop, Parking Lot 1, Opposite Peoples Plaza, Necklace Road, Circle 10, Khairatabad, Hyderabad"
407,CM Chinese Fast Food,17.42543,78.507771,150.0,1.0,3.2,"6-1-132, Padmarao Nagar, In Front Of Garden, Padmarao Nagar, Secunderabad"
408,0.0,0.0,0.0,0.0,0.0,0.0,
409,Cuiscent,17.40631,78.463049,800.0,2.0,3.7,"The Cent Hotel, 6-1-1063/C, Opposite Collector's Office, Lakdikapul, Hyderabad"
410,MC Square Resto Cafe,17.490256,78.542396,700.0,2.0,3.9,"Plot 2S/P, HMT Bearing Colony, Kapra ECIL Post, Circle 1, Sainikpuri, Secunderabad"
411,Shree Siddharth Fast Food,17.489137,78.540022,350.0,1.0,3.9,"834, Defence Colony, Sainikpuri, Secunderabad"
412,Dawath,17.4831,78.539595,700.0,2.0,4.0,"32-87, JJ Nagar, Neredmet-Sainikpuri Road, Beside Ganesh Temple, Sainikpuri, Secunderabad"
413,Shikar Restaurant,17.482527,78.536801,700.0,2.0,3.3,"37-91, Defence Colony, Circle 17, Sainikpuri, Secunderabad"
414,Gulf Romansiah,17.353729,78.506576,800.0,2.0,2.9,"Shams Palace 17-1-388/C/15, Second Floors, Upon Maxvision Eye Hospital, IS Sadan Road, Saroor Nagar, Hyderabad"
415,Papadams,17.357338,78.557292,1000.0,3.0,3.9,"Plot 25, Rock Town Colony, Mansoorabad, L B Nagar, Hyderabad"
416,Vijaya Raghavendra Tiffins,17.365138,78.557126,400.0,1.0,3.7,"Alkapuri Cross Road, Nagole Road, Kothapet, Hyderabad"
417,Uttar Ke Swadh,17.434252,78.36803,500.0,2.0,0,"Plot 69, Shop 5, Telecom Nagar, Gachibowli, Hyderabad"
418,Angaara 2 Kababs on Charcoal,17.463875,78.346724,400.0,1.0,2.8,"Beside Heritage Fresh, Lane of Chirec Public School, Masjid Banda, Kondapur, Hyderabad"
419,Pakwaan,17.455908,78.484855,600.0,2.0,3.9,"178/2, Ground Floor, Venkat Reddy Complex, Tadbund Cross Roads, Bowenpally, Secunderabad"
420,Sathya Restaurant & Bar,17.456012,78.48356,650.0,2.0,3.4,"Tadbad Cross Road, Near Sathya Wine's, Bowenpally, Secunderabad"
421,Sathya Restaurant & Bar,17.456012,78.48356,650.0,2.0,3.4,"Tadbad Cross Road, Near Sathya Wine's, Bowenpally, Secunderabad"
422,Sweet Heart,17.456339,78.479132,800.0,2.0,3.8,"Plot no 58 & 59, Chinna Thokatta, Bowenpally, Secunderabad, hyderabad . "
423,13 Dhaba,17.437513,78.365674,450.0,1.0,4.2,"1-72/3A, Andhra Bank Lane, Near H.P. Petrol Pump, Gachibowli, Hyderabad"
424,Flames & Pots,17.434291,78.368035,300.0,1.0,3.4,"Shop 5, Plot 69, Telecom Nagar, Gachibowli, Hyderabad"
425,Delhi-39,17.432804,78.369873,600.0,2.0,3.0,"Telecom Nagar, Below More Supermarket, Near Police Commissioner Office, Gachibowli, Hyderabad"
426,Oye Punjabi,17.437551,78.36562,200.0,1.0,3.8,"1 72/3, PT 7, Near HP Petrol Pump, Gachibowli, Hyderabad"
427,The Globe Grub,17.435849,78.368189,1300.0,3.0,4.7,"Shop 202 & 203, Survey 50, 2nd Floor, Raichandani Business Park, Near Win Vision Hospital, Gachibowli, Hyderabad"
428,Sri Santhosh Family Dhaba,17.398734,78.512433,500.0,2.0,3.8,"2-2-1130/A/1, Shivam Road, Amberpet, Hyderabad"
429,Hong Kong Chinese Restaurant,17.444546,78.362867,700.0,2.0,3.6,"Opposite Bank Of India, Rajiv Nagar, Kondapur Road, Gachibowli, Hyderabad"
430,Urban Indian Kitchen,17.433613,78.374724,800.0,2.0,0,"116, Lumbini Enclave, Near IKEA, Hitech City Main Road, Gachibowli, Hyderabad"
431,Hitech Bawarchi Food Zone,17.443922,78.358585,500.0,2.0,3.0,"J V Colony, Near Kendriya Vidyalaya, Phase 2, Gachibowli, Hyderabad"
432,Delhi-39,17.432804,78.369873,600.0,2.0,3.0,"Telecom Nagar, Below More Supermarket, Near Police Commissioner Office, Gachibowli, Hyderabad"
433,Paradise Biryani,17.441425,78.376216,800.0,2.0,4.6,"1st & 2nd & Ground Floor, Plot 4/1 & 4/2, Survey 64, Huda Techno Enclave Mind Space Centre, Hitech City, Hyderabad"
434,Kebabs & Kurries - ITC Kakatiya,17.432417,78.456323,3400.0,4.0,4.2,"ITC Kakatiya, 6 3 1187, Begumpet, Hyderabad"
435,Jalpaan,17.430248,78.456702,1700.0,3.0,4.2,"6 3 112, 4th Floor, Oasis Center, Opposite Kalanekatan Wedding Mall, Somajiguda Main Road, Begumpet, Hyderabad"
436,Deccan Pavilion - ITC Kakatiya,17.43242,78.456324,2600.0,4.0,4.2,"ITC Kakatiya, 6 3 1187, Begumpet, Hyderabad"
437,Mainland China,17.43151,78.45638,1800.0,3.0,4.3,"6-3-1186/1/1, Opposite CM Residence, Greenlands Road, Teachers Colony, Greenlands, Begumpet, Hyderabad"
438,Oh! Calcutta,17.431487,78.456456,1600.0,3.0,4.4,"6-3-1186/1/1, Greenlands Road, Opposite CM Residence, Begumpet, Hyderabad"
439,Sigree,17.431469,78.456513,1600.0,3.0,4.0,"6 3 1186/1/1, Opposite CM Residence, Teachers Colony, Greenlands Road, Begumpet, Hyderabad"
440,Ohri's 70mm,17.431809,78.465,1500.0,3.0,4.6,"39, Near Jalvihar Entertainment Private Limited, Necklace Road, Hyderabad"
441,Ohri's Tansen,17.431671,78.465058,1500.0,3.0,4.8,"Ohri's at Jalavihar, Beside Jalvihar Entertainment Private Limited, Necklace Road, Hyderabad"
442,Y2K Restaurant,17.426439,78.452176,500.0,2.0,2.8,"Plot 6-3-391, Beside Panjagutta Police Station, Panjagutta, Hyderabad"
443,Fiza Darbar,17.42653,78.451747,800.0,2.0,3.0,"Nagarjuna Cir Road, Mothi Nagar, Dwarakapuri, Panjagutta, Hyderabad"
444,Cakes N Hugs,17.436526,78.437598,400.0,1.0,3.6,"8-3-222/1/2, Ahmed House, Behind Allahabad Bank, Madhuranagar"
445,Spicy Restaurant,17.429789,78.426117,500.0,2.0,3.9,"Plot 8-3-231/W/73, Indiranagar Cross Road, Sri Nagar Colony, Yousufguda, Hyderabad"
446,Al Mashaiq Cafe,17.447777,78.423224,100.0,1.0,0,"8-3-228/678/1478, Sri Ram Nagar, Yousufguda, Hyderabad"
447,My Friend's Circle Restaurant,17.499418,78.477667,700.0,2.0,4.1,"Plot 8, Near Laxmi Plaza, Medchal Road Cyberabad, R.R Dist, Ramraju Nagar, Jeedimetla, Secunderabad"
448,Kinara Grand,17.50413,78.478296,800.0,2.0,3.5,"Survey 91, 92 & 93, Plot 5, 6, 7, 10, 11 & 12, Block G, Suchitra X Roads, Kompally, Hyderabad"
449,Bombay Chaat,17.502779,78.479014,200.0,1.0,2.6,"Las Vegar Diner, Near Suchitra Circle, Kompally, Hyderabad"
450,Kinara Grand,17.420338,78.540103,800.0,2.0,3.4,"Opposite CCMB, Hotel Swagath Grand, Habsiguda Cross Road, Habsiguda, Hyderabad"
451,Makan Restaurant,17.473182,78.510085,800.0,2.0,3.1,"Plot S Y 26, Part CF/GF/FF, X Roads, Circle 36, Trimulgherry, Secunderabad"
452,Saba Hotel,17.47094,78.509313,500.0,2.0,3.7,"Cross Roads, Trimulgherry, Secunderabad"
453,Hira Panna,17.443558,78.479695,700.0,2.0,4.1,"160/1, 1st Floor, Patnys Pride, S P Road, Secunderabad"
454,Punjabi Affair,17.470074,78.509461,700.0,2.0,3.8,"2nd Floor, Vishal Towers, Opposite Volkswagen Showroom, Trimulgherry, Secunderabad"
455,Adam's Shalimar Restaurant,17.402605,78.410387,700.0,2.0,3.4,"Door 8-1-355/10, 1st Floor, Adam Colony, Tolichowki, Hyderabad"
456,Kholani's,17.400485,78.413834,1000.0,3.0,2.6,"Opposite Banares Hall, Tolichowki Main Road, Tolichowki, Hyderabad"
457,Adam's Shalimar Restaurant,17.402605,78.410387,700.0,2.0,3.4,"Door 8-1-355/10, 1st Floor, Adam Colony, Tolichowki, Hyderabad"
458,Ruby The Royal Palace- Restaurant and Banquet Hall,17.403586,78.407439,500.0,2.0,3.1,"8-1-348,1st Floor,Opposite Reliance Mart, Tolichowki, Hyderabad"
459,Yes Bawarchi Restaurant,17.261262,78.386517,800.0,2.0,3.9,"Beside Axis Bank, Madhura Nagar Airport Road, Shamshabad, Hyderabad"
460,Kinara Grand,17.260335,78.385499,850.0,2.0,3.0,"NH7, Airport Road, Near Bus Stop, Shamshabad, Hyderabad"
461,Paradise Biryani,17.360931,78.544478,800.0,2.0,4.1,"Ground Floor, SS Complex, Road 2, Green Hills, Kothapet, Hyderabad"
462,Spicy Hub,17.365503,78.54297,600.0,2.0,3.9,"11-13-1425, Near Rythu Bazar, Kothapet, Hyderabad"
463,Spicy Hub,17.365503,78.54297,600.0,2.0,3.9,"11-13-1425, Near Rythu Bazar, Kothapet, Hyderabad"
464,Surabhi Elite,17.35907,78.545121,800.0,2.0,3.3,"11-13-196/5/A&B, Near Ozone Hospital, Green Hills Colony, Kothapet, Hyderabad"
465,Kritunga Restaurant,17.367989,78.540333,700.0,2.0,4.0,"Lakshmi Nagar Colony, Road 3, Near Balanagar X Road Signal, Kothapet, Hyderabad"
466,Nakshatra Inn Pure Veg Tiffins,17.367813,78.539868,600.0,2.0,3.6,"Beside Omni Hospital, Laxminagar Colony, Kothapet X Road, Kothapet, Hyderabad"
467,Hotel Sindhura Grand,17.361091,78.544852,600.0,2.0,3.3,"Road 2, Polkampally, Dwarka Nagar, Kothapet, Hyderabad"
